emp_id, emp_name, emp_salary, emp_email, uo_id
1,Wallis Tomsu,8243.57,wtomsu0@php.net,7
2,Rennie Stanman,5183.36,rstanman1@free.fr,5
3,Em Leathlay,2780.75,eleathlay2@goodreads.com,4
4,Thibaud Rowlings,6362.25,trowlings3@springer.com,1
5,Freddy Tearney,1869.19,ftearney4@about.com,10
6,Linea Varfalameev,3921.14,lvarfalameev5@house.gov,3
7,Kalindi Kettlewell,1718.8,kkettlewell6@youtube.com,9
8,Quinn Tiltman,6796.64,qtiltman7@paypal.com,9
9,Victor David,4016.48,vdavid8@aol.com,3
10,Bowie Windless,4768.46,bwindless9@friendfeed.com,7
11,Joann Libby,7881.06,jlibbya@webnode.com,3
12,Raine Vain,8270.46,rvainb@webnode.com,3
13,Rockwell Poolman,4194.59,rpoolmanc@marketwatch.com,1
14,Witty O'Doran,4361.33,wodorand@dmoz.org,5
15,Isaiah Cruickshanks,1933.57,icruickshankse@hibu.com,9
16,Philippe Stickens,4571.58,pstickensf@4shared.com,6
17,George MacGorrie,6597.63,gmacgorrieg@over-blog.com,4
18,Reynold Thackham,7935.41,rthackhamh@thetimes.co.uk,6
19,Jillana Lukock,2178.42,jlukocki@phoca.cz,3
20,Ferne Winterbotham,6690.08,fwinterbothamj@geocities.com,10
21,Paige Melvin,1565.68,pmelvink@comcast.net,3
22,Benito Soans,6415.73,bsoansl@cnet.com,5
23,Barbra Pelzer,2231.42,bpelzerm@ox.ac.uk,7
24,Glen Gratrix,3779.24,ggratrixn@nifty.com,6
25,Zerk Hannum,4235.34,zhannumo@kickstarter.com,10
26,Judye Mityushkin,1606.16,jmityushkinp@nih.gov,7
27,Rebecka Fitzjohn,7607.95,rfitzjohnq@java.com,2
28,Rube Balsom,5435.52,rbalsomr@infoseek.co.jp,1
29,Kendra Kluss,2400.63,kklusss@phoca.cz,4
30,Niko Sancto,7889.91,nsanctot@sciencedirect.com,8
31,Cora Dutnall,3759.31,cdutnallu@blogtalkradio.com,10
32,Casandra Boustred,1831.87,cboustredv@bloglovin.com,5
33,Eydie Motto,5540.72,emottow@fotki.com,9
34,Willetta Bleaden,6024.28,wbleadenx@live.com,6
35,Carlene Bernetti,4594.69,cbernettiy@mozilla.com,6
36,Wandie Menci,1090.26,wmenciz@wsj.com,2
37,Kacie Zanettini,8250.48,kzanettini10@chronoengine.com,10
38,Bartlet Shall,7939.47,bshall11@last.fm,4
39,Trueman Lukash,6082.33,tlukash12@ed.gov,6
40,Keriann Willment,8085.78,kwillment13@marketwatch.com,8
41,Larina Ranklin,4500.79,lranklin14@unblog.fr,8
42,Jennilee Handrik,6247.08,jhandrik15@walmart.com,6
43,Kayley Hubbart,7076.85,khubbart16@domainmarket.com,10
44,Wash Oganesian,7595.05,woganesian17@angelfire.com,2
45,Jack Colquhoun,2474.44,jcolquhoun18@google.pl,4
46,Kort Savin,4047.65,ksavin19@jigsy.com,3
47,Fanya Radki,3695.74,fradki1a@nyu.edu,8
48,Seymour Hawtin,5626.11,shawtin1b@house.gov,1
49,Kimberlee Kubes,2012.03,kkubes1c@jugem.jp,3
50,Ly Brigdale,4105.88,lbrigdale1d@washington.edu,2
51,Tally Sitford,5032.17,tsitford1e@usa.gov,1
52,Marji Habin,1777.42,mhabin1f@state.gov,6
53,Nessy Smerdon,1231.83,nsmerdon1g@marriott.com,3
54,Darcy Flanaghan,3394.95,dflanaghan1h@eventbrite.com,7
55,Meridith Musterd,3511.92,mmusterd1i@state.tx.us,1
56,Marie Grievson,7308.94,mgrievson1j@amazon.co.jp,4
57,Madel Thom,7597.25,mthom1k@wordpress.com,3
58,Amalee Riggoll,7884.54,ariggoll1l@youtu.be,8
59,Debra Billows,4089.26,dbillows1m@nbcnews.com,7
60,Roze Goldring,4442.38,rgoldring1n@alibaba.com,7
61,Leonard Webby,3358.94,lwebby1o@squidoo.com,3
62,Sari Alden,8019.5,salden1p@msu.edu,5
63,Harriette Denzilow,6750.38,hdenzilow1q@oakley.com,4
64,Brady Coombe,4393.73,bcoombe1r@blogspot.com,10
65,Lucinda Tonkinson,6786.62,ltonkinson1s@umich.edu,4
66,Maggi Fonte,1498.77,mfonte1t@jimdo.com,3
67,Darn Kerr,6795.61,dkerr1u@wikispaces.com,3
68,Gasper Kittoe,6434.89,gkittoe1v@wisc.edu,7
69,Rouvin Oxbrow,6366.35,roxbrow1w@nyu.edu,8
70,Berny Budgen,1613.55,bbudgen1x@sogou.com,4
71,Lilla Tatton,6301.96,ltatton1y@macromedia.com,6
72,Ernestus D'Elia,3245.02,edelia1z@topsy.com,3
73,Archibold Luchelli,5718.77,aluchelli20@soundcloud.com,3
74,Garey Hadeke,1577.3,ghadeke21@house.gov,5
75,Cirstoforo Noke,4141.3,cnoke22@hugedomains.com,8
76,Huberto Costell,6896.11,hcostell23@wunderground.com,8
77,James Muldownie,7266.43,jmuldownie24@artisteer.com,3
78,Joleen Woodthorpe,8175.33,jwoodthorpe25@vinaora.com,3
79,Jesse Gasken,1035.15,jgasken26@amazon.de,10
80,Cathryn Pendergrast,4985.13,cpendergrast27@google.cn,9
81,Rina Grisley,4469.94,rgrisley28@ed.gov,5
82,Curt Ponton,2248.23,cponton29@reverbnation.com,8
83,Theadora Dover,5296.76,tdover2a@jalbum.net,3
84,Desirae Westraw,4748.49,dwestraw2b@guardian.co.uk,6
85,Rachele McFarland,5106.51,rmcfarland2c@discuz.net,1
86,Bobinette Gentil,1990.47,bgentil2d@uol.com.br,3
87,Tedi Boxall,3998.61,tboxall2e@nifty.com,10
88,Jeremie Wimpress,7379.72,jwimpress2f@yellowpages.com,5
89,Arlen Alliban,7997.55,aalliban2g@dyndns.org,6
90,Candy Sillars,7283.49,csillars2h@foxnews.com,10
91,Francene Matthaus,8323.42,fmatthaus2i@sina.com.cn,3
92,Siusan Trynor,2606.12,strynor2j@epa.gov,6
93,Osmund Bellwood,5179.58,obellwood2k@reuters.com,9
94,Olimpia Rupel,2233.59,orupel2l@lulu.com,4
95,Ravid Sadat,3889.98,rsadat2m@sohu.com,5
96,August O' Connell,7011.62,ao2n@hatena.ne.jp,4
97,Raimondo Waith,5470.31,rwaith2o@ftc.gov,4
98,Fredi Rounding,1681.71,frounding2p@xinhuanet.com,4
99,Darleen Fenny,7840.95,dfenny2q@wikia.com,7
100,Tremayne Prigg,1072.71,tprigg2r@free.fr,7
101,Ardelia Colcutt,3339.76,acolcutt2s@nih.gov,5
102,Malchy Swiffan,2357.41,mswiffan2t@umich.edu,8
103,Avram Soot,3470.41,asoot2u@microsoft.com,1
104,Dalia Simounet,3548.55,dsimounet2v@arizona.edu,10
105,Gerri Cadge,6626.52,gcadge2w@ucla.edu,4
106,Arley Meldon,5835.08,ameldon2x@dot.gov,7
107,Keith Franceschielli,3308.45,kfranceschielli2y@geocities.jp,1
108,Kara Westphal,3772.15,kwestphal2z@symantec.com,7
109,Kalil Goodricke,1515.22,kgoodricke30@netvibes.com,3
110,Rutger Lochhead,3792.43,rlochhead31@europa.eu,1
111,Eyde MacMorland,3251.64,emacmorland32@nymag.com,5
112,Stephanie Garton,2068.44,sgarton33@facebook.com,7
113,Orlan Jollye,3035.02,ojollye34@comcast.net,1
114,Malissa Mackie,6648.07,mmackie35@oakley.com,7
115,Winslow O'Noulane,3796.68,wonoulane36@bandcamp.com,5
116,Barry Harborow,2378.72,bharborow37@skype.com,9
117,Jedd Aitchison,1049.71,jaitchison38@netscape.com,2
118,Ileane Fiorentino,5340.3,ifiorentino39@harvard.edu,9
119,Bat Oiseau,7709.18,boiseau3a@jalbum.net,4
120,Izak Paeckmeyer,2145.35,ipaeckmeyer3b@stumbleupon.com,1
121,Ardeen Gillhespy,1892.15,agillhespy3c@baidu.com,4
122,Sheeree McAlinden,5555.72,smcalinden3d@blinklist.com,9
123,Kippy Habershaw,4603.92,khabershaw3e@reference.com,10
124,Oliy Escoffrey,6149.39,oescoffrey3f@mozilla.org,9
125,Linet Pawelski,6844.01,lpawelski3g@moonfruit.com,7
126,Brynn Tolworth,4964.39,btolworth3h@about.me,8
127,Bret Lebrun,7117.99,blebrun3i@nationalgeographic.com,8
128,Ferdy Ivanyukov,6760.45,fivanyukov3j@jalbum.net,7
129,Mick Fetherstone,8348.45,mfetherstone3k@dyndns.org,6
130,Bianka Antham,7110.02,bantham3l@ocn.ne.jp,2
131,Kimberley Bouda,4323.61,kbouda3m@facebook.com,8
132,Shawn Clail,8161.65,sclail3n@hatena.ne.jp,7
133,Aldric Joska,5772.36,ajoska3o@oakley.com,3
134,Doris Baythrop,2431.79,dbaythrop3p@furl.net,8
135,Jordanna Noulton,4160.59,jnoulton3q@trellian.com,3
136,Johnathon Stockman,1179.69,jstockman3r@t-online.de,6
137,Grace Kid,2647.46,gkid3s@baidu.com,5
138,Tamarra Kingdon,3550.79,tkingdon3t@studiopress.com,4
139,Sherill Rosas,6163.99,srosas3u@dyndns.org,7
140,Derry Allam,5431.98,dallam3v@skyrock.com,5
141,Sherm Antonoczyk,1008.76,santonoczyk3w@auda.org.au,8
142,Cyrille Brown,8079.62,cbrown3x@reference.com,10
143,Valry Moyser,4032.93,vmoyser3y@dyndns.org,6
144,Anthiathia Twelvetrees,2041.5,atwelvetrees3z@oakley.com,9
145,Raff Hourican,4489.36,rhourican40@opensource.org,1
146,Kakalina Shreenan,3355.44,kshreenan41@psu.edu,6
147,Maxie Huggins,8172.67,mhuggins42@nymag.com,7
148,Elora Cestard,6354.11,ecestard43@ibm.com,4
149,Wenonah Romaynes,7055.52,wromaynes44@reddit.com,4
150,Jasen Olek,5701.85,jolek45@eventbrite.com,6
151,Adina Rogliero,2486.51,arogliero46@businessweek.com,3
152,Clemence Motton,8304.91,cmotton47@so-net.ne.jp,1
153,Kassia Westrip,3837.19,kwestrip48@github.com,9
154,Ag Sherebrook,8058.31,asherebrook49@spotify.com,4
155,Kalila Shearwood,5114.71,kshearwood4a@woothemes.com,9
156,Bret Cohn,1566.98,bcohn4b@github.io,9
157,Alejandra Riglesford,8328.65,ariglesford4c@istockphoto.com,3
158,Robbert Chaudhry,6793.9,rchaudhry4d@yolasite.com,5
159,Ailene Gallear,4122.95,agallear4e@freewebs.com,1
160,Fitzgerald O'Scollee,1238.2,foscollee4f@abc.net.au,9
161,Onfre Edgar,2218.84,oedgar4g@ow.ly,10
162,Madalena Paffot,1926.38,mpaffot4h@indiatimes.com,5
163,Ingram Wingate,6826.97,iwingate4i@edublogs.org,7
164,Burg Guerreiro,6373.82,bguerreiro4j@globo.com,8
165,Caitlin Oxteby,8062.3,coxteby4k@t.co,9
166,Darrell Horsey,3906.35,dhorsey4l@about.me,9
167,Humfrid Jiroutek,8191.4,hjiroutek4m@netlog.com,2
168,Charlean Greiser,3624.31,cgreiser4n@quantcast.com,10
169,Kristofer Nestle,3310.01,knestle4o@pen.io,3
170,Bartel Sneezum,2743.98,bsneezum4p@blinklist.com,6
171,Ermina Wrassell,2665.06,ewrassell4q@kickstarter.com,1
172,Lorilee Arlett,7870.55,larlett4r@cocolog-nifty.com,6
173,Hazlett Coppard,1966.08,hcoppard4s@bbc.co.uk,4
174,Conway Siely,4540.04,csiely4t@time.com,8
175,Madelin Ibarra,1298.08,mibarra4u@over-blog.com,7
176,Linell Leupoldt,4875.03,lleupoldt4v@fema.gov,10
177,Cacilia Lockier,1189.32,clockier4w@mapquest.com,10
178,Letizia Kauble,1270.76,lkauble4x@thetimes.co.uk,10
179,Boot McKeown,5205.52,bmckeown4y@people.com.cn,2
180,Jaye Stoven,3798.67,jstoven4z@mapy.cz,7
181,Wilek Joyce,3952.2,wjoyce50@cbslocal.com,1
182,Cristin Sissons,1211.69,csissons51@ebay.com,6
183,Melva Double,3991.1,mdouble52@clickbank.net,10
184,Jinny De Bell,4937.72,jde53@wordpress.org,7
185,Paule Tregoning,1371.26,ptregoning54@sina.com.cn,5
186,Margaux Rainsden,8206.15,mrainsden55@friendfeed.com,3
187,Arly Swaisland,2000.33,aswaisland56@vimeo.com,2
188,Luke Tripney,4943.39,ltripney57@zimbio.com,4
189,Johnathon Trevaskus,6057.93,jtrevaskus58@unblog.fr,3
190,Pamela Dudny,7774.59,pdudny59@sfgate.com,10
191,Sophronia Waiting,8080.2,swaiting5a@gizmodo.com,6
192,Pembroke Clementucci,7527.26,pclementucci5b@soundcloud.com,5
193,Clement Estick,1098.14,cestick5c@mashable.com,8
194,Waverly Mewe,7977.23,wmewe5d@nba.com,3
195,Keelby Fooks,6741.21,kfooks5e@reddit.com,7
196,Alleen Pitkeathly,5281.26,apitkeathly5f@a8.net,6
197,Hetti Alesbrook,3629.09,halesbrook5g@mediafire.com,1
198,Haley Critchell,6458.7,hcritchell5h@wordpress.com,6
199,Crosby Algeo,3081.33,calgeo5i@chron.com,3
200,Augustina Fronsek,1850.75,afronsek5j@tripod.com,5
201,Hanni Harfleet,7799.11,hharfleet5k@washingtonpost.com,5
202,Morie Killshaw,6348.4,mkillshaw5l@alexa.com,5
203,Raymond Twiggins,4331.35,rtwiggins5m@house.gov,6
204,Julian Tibols,7417.55,jtibols5n@go.com,1
205,Arty Tume,5660.75,atume5o@dropbox.com,7
206,Reena MacCafferky,3181.4,rmaccafferky5p@mozilla.com,9
207,Dori Ekell,4865.34,dekell5q@pen.io,6
208,Jemima Ferdinand,5937.25,jferdinand5r@ibm.com,8
209,Pier Tapsell,1214.09,ptapsell5s@comcast.net,9
210,Ancell Magnus,7606.54,amagnus5t@zdnet.com,8
211,Drucie Proffer,6985.2,dproffer5u@netvibes.com,5
212,Kacy Iannuzzi,7271.37,kiannuzzi5v@angelfire.com,8
213,Rogerio Willerson,2781.08,rwillerson5w@go.com,8
214,Amalie Losano,5399.45,alosano5x@reference.com,7
215,Roger Fellnee,1283.49,rfellnee5y@google.co.uk,1
216,Morey Hancell,5001.49,mhancell5z@theglobeandmail.com,9
217,Dori Fenelow,8036.43,dfenelow60@topsy.com,7
218,Gabriel McRorie,1810.32,gmcrorie61@photobucket.com,6
219,Abe Timblett,1002.27,atimblett62@mac.com,6
220,Johnette Chaplyn,5215.9,jchaplyn63@marriott.com,9
221,Emmalyn Lockier,3299.81,elockier64@networksolutions.com,10
222,Hi Frain,5975.54,hfrain65@wiley.com,6
223,Maxine Santoro,3950.79,msantoro66@japanpost.jp,8
224,Moll Dignan,8317.37,mdignan67@wsj.com,7
225,Melvin Grimme,1659.78,mgrimme68@w3.org,4
226,Korney Ferriere,2068.74,kferriere69@hao123.com,10
227,Efren Howlings,4223.29,ehowlings6a@ocn.ne.jp,4
228,Karlens Barker,3062.23,kbarker6b@squidoo.com,8
229,Konstance Dewan,5473.99,kdewan6c@dropbox.com,4
230,Lyndell Gammett,7721.39,lgammett6d@gnu.org,5
231,Verina Girling,3476.39,vgirling6e@meetup.com,3
232,Ado Braz,8093.58,abraz6f@mit.edu,4
233,Rodger Dye,1843.45,rdye6g@chron.com,4
234,Hillary Eastcourt,5686.84,heastcourt6h@mayoclinic.com,7
235,Dillie Catlow,6501.52,dcatlow6i@youku.com,9
236,Cori Binning,2158.04,cbinning6j@ning.com,8
237,Verene Ruppeli,2215.43,vruppeli6k@thetimes.co.uk,3
238,Pierre Marcinkowski,6627.13,pmarcinkowski6l@shareasale.com,5
239,Eleni Goodley,4915.87,egoodley6m@blogs.com,4
240,Pavia Blunsum,3731.49,pblunsum6n@opera.com,8
241,Fabe Seawell,2873.97,fseawell6o@spiegel.de,4
242,Gabbi Bellee,3617.5,gbellee6p@home.pl,8
243,Gibbie Hollindale,1517.21,ghollindale6q@printfriendly.com,1
244,Jody O'Nolan,7356.51,jonolan6r@reverbnation.com,3
245,Lev Alliband,4814.22,lalliband6s@oracle.com,4
246,Sammy Redfearn,2244.69,sredfearn6t@java.com,3
247,Judi Sparshott,3464.24,jsparshott6u@cnet.com,2
248,Shelba Bortolomei,4565.91,sbortolomei6v@creativecommons.org,2
249,Brennan Vaughan,6184.29,bvaughan6w@skype.com,2
250,Dani Cattlow,1139.88,dcattlow6x@php.net,6
251,Chantal Bedinham,5731.76,cbedinham6y@seesaa.net,6
252,Arda Blaisdell,2224.38,ablaisdell6z@techcrunch.com,2
253,Tallie Jeffcoat,6076.44,tjeffcoat70@businessinsider.com,8
254,Emmit Allbut,3574.25,eallbut71@printfriendly.com,4
255,Alvera Salsberg,7788.59,asalsberg72@blogspot.com,7
256,Magdalene Jiruch,3388.22,mjiruch73@wp.com,5
257,Miner Hiland,7555.76,mhiland74@marketwatch.com,7
258,Tobey Pallant,6488.94,tpallant75@dailymail.co.uk,3
259,Louise Bein,3515.1,lbein76@webeden.co.uk,7
260,Rudolph Nobbs,6702.52,rnobbs77@bizjournals.com,5
261,Xylina Chasson,7219.82,xchasson78@sciencedirect.com,1
262,Tracie Murrells,5408.16,tmurrells79@goo.gl,1
263,Nobie Grove,2682.65,ngrove7a@discuz.net,1
264,Norina Woolger,4892.38,nwoolger7b@1688.com,10
265,Sigfrid Ebbings,3872.71,sebbings7c@sina.com.cn,6
266,Stacy Weavill,1757.28,sweavill7d@eepurl.com,10
267,Alasdair Bladder,4368.49,abladder7e@virginia.edu,5
268,Morgan Gierek,5114.65,mgierek7f@google.ca,9
269,Selena Brenston,3664.06,sbrenston7g@twitpic.com,10
270,Dorthea Norton,4414.66,dnorton7h@shop-pro.jp,6
271,Cosette Moehler,1192.25,cmoehler7i@who.int,9
272,Aurelie Kemp,1585.21,akemp7j@spotify.com,8
273,Rodina Jobbing,6526.74,rjobbing7k@ucla.edu,5
274,Theo Klimowski,3703.02,tklimowski7l@reuters.com,10
275,Juline Challoner,5718.84,jchalloner7m@microsoft.com,9
276,Keefe Causier,1055.58,kcausier7n@blogspot.com,7
277,Karlens Beange,5148.4,kbeange7o@home.pl,1
278,Zacharia Tawton,7151.21,ztawton7p@nbcnews.com,5
279,Corry Beddingham,7827.23,cbeddingham7q@unblog.fr,7
280,Gerri Catley,3850.02,gcatley7r@eventbrite.com,9
281,Jeannette Jedrzejewicz,5350.69,jjedrzejewicz7s@accuweather.com,5
282,Tami Piaggia,1162.45,tpiaggia7t@eventbrite.com,1
283,Jourdain O'Duane,4114.38,joduane7u@vinaora.com,5
284,Skipper Creaney,6452.53,screaney7v@purevolume.com,4
285,Cody Erskin,6993.85,cerskin7w@buzzfeed.com,5
286,Hanni Varah,2096.99,hvarah7x@instagram.com,2
287,Rudiger Brewins,7890.67,rbrewins7y@examiner.com,8
288,Hy Oates,7186.33,hoates7z@bbc.co.uk,5
289,Elva Elia,1634.5,eelia80@wikia.com,8
290,Dominica Kettley,6677.6,dkettley81@sohu.com,9
291,Salomo Pietruszka,6468.22,spietruszka82@desdev.cn,9
292,Lesly Bergeon,2180.77,lbergeon83@indiegogo.com,2
293,Klaus Quinnet,4040.3,kquinnet84@webnode.com,3
294,Ernst Hemeret,6883.47,ehemeret85@reuters.com,9
295,Barney Mungan,8065.42,bmungan86@smh.com.au,8
296,Cristie Beards,2140.18,cbeards87@hao123.com,7
297,Teriann Sporrij,3037.14,tsporrij88@meetup.com,9
298,Ashly Dove,7070.35,adove89@blogger.com,8
299,Minetta Cullotey,5934.87,mcullotey8a@elpais.com,5
300,Manya Bowlesworth,4520.02,mbowlesworth8b@last.fm,2
301,Portia Corryer,3731.03,pcorryer8c@unblog.fr,5
302,Judas Braxay,7733.91,jbraxay8d@elpais.com,6
303,Jeanette Tatem,7511.93,jtatem8e@bloglovin.com,2
304,Shana Gillions,3311.16,sgillions8f@ycombinator.com,7
305,Vale Hadwin,1507.51,vhadwin8g@pbs.org,9
306,Karen Lampert,3355.32,klampert8h@apache.org,6
307,Annadiane Scargle,6356.14,ascargle8i@dailymail.co.uk,8
308,Isis Billison,4144.27,ibillison8j@ask.com,9
309,Zaneta Jerson,7905.62,zjerson8k@cdc.gov,8
310,Adrien Ricson,3053.97,aricson8l@wikimedia.org,7
311,Yul Kingdom,3852.13,ykingdom8m@elpais.com,6
312,Lorelle Popescu,7131.5,lpopescu8n@alexa.com,2
313,Farr Canceller,2605.59,fcanceller8o@seattletimes.com,7
314,Neile Groveham,3605.68,ngroveham8p@mozilla.com,9
315,Sheilakathryn McWard,2835.0,smcward8q@addtoany.com,7
316,Ernesto Gostick,4595.33,egostick8r@histats.com,3
317,Arel Folcarelli,2390.79,afolcarelli8s@thetimes.co.uk,1
318,Vern Volleth,6502.8,vvolleth8t@google.ru,7
319,Denise Stanett,5051.82,dstanett8u@webmd.com,2
320,Darcie Beidebeke,6950.13,dbeidebeke8v@vinaora.com,5
321,Lynette MacDiarmid,2611.56,lmacdiarmid8w@sbwire.com,4
322,Marthena Youhill,1661.24,myouhill8x@phpbb.com,6
323,Abeu Rignoldes,6209.95,arignoldes8y@aol.com,10
324,Lowell Veljes,6254.73,lveljes8z@bing.com,6
325,Hetty Farebrother,1752.87,hfarebrother90@apple.com,10
326,Avigdor Raistrick,7427.24,araistrick91@whitehouse.gov,5
327,Heida Wickerson,5380.54,hwickerson92@answers.com,3
328,Delly Callan,6139.59,dcallan93@prnewswire.com,6
329,Mari Taillard,8323.28,mtaillard94@weibo.com,10
330,Noell De Gouy,2626.07,nde95@oracle.com,4
331,Brant D'Alessandro,6150.76,bdalessandro96@tinyurl.com,6
332,Gwenneth Ockendon,7487.43,gockendon97@amazon.co.uk,2
333,Vonny Plomer,7417.64,vplomer98@state.gov,3
334,Rocky Dwelley,3742.22,rdwelley99@rambler.ru,4
335,Normie Cawsey,5764.76,ncawsey9a@miibeian.gov.cn,1
336,Natasha Whitwood,5976.13,nwhitwood9b@soundcloud.com,2
337,Randene Rubartelli,6441.32,rrubartelli9c@theguardian.com,1
338,Livia Rawlison,3019.61,lrawlison9d@hc360.com,9
339,Riordan Talman,5102.43,rtalman9e@uiuc.edu,5
340,Petronia Jupp,1646.81,pjupp9f@pagesperso-orange.fr,7
341,Weidar Bonnar,3494.4,wbonnar9g@geocities.com,10
342,Kalle Eustanch,2066.47,keustanch9h@stumbleupon.com,4
343,Lukas Lyddiatt,3749.23,llyddiatt9i@bing.com,1
344,Minni St. Queintain,4866.49,mst9j@samsung.com,1
345,Elijah Longden,5329.92,elongden9k@addtoany.com,3
346,Valentine Instock,1918.34,vinstock9l@stumbleupon.com,8
347,Hobard Castiglioni,7040.0,hcastiglioni9m@arizona.edu,1
348,Raviv Gors,2394.66,rgors9n@reuters.com,9
349,Paule Phelips,6693.95,pphelips9o@ucoz.ru,7
350,Phillip Franschini,8128.33,pfranschini9p@dion.ne.jp,1
351,Thayne Heinert,5618.68,theinert9q@princeton.edu,6
352,Brig Keenlayside,5432.24,bkeenlayside9r@dailymotion.com,9
353,Rochette Durling,2318.34,rdurling9s@google.cn,6
354,Andrea Storrie,3005.26,astorrie9t@cloudflare.com,1
355,Brenden Ezzell,6439.44,bezzell9u@360.cn,8
356,Lukas Sweetnam,4785.84,lsweetnam9v@engadget.com,9
357,Carla Jurisch,5721.82,cjurisch9w@tumblr.com,5
358,Cynthia Galsworthy,6373.35,cgalsworthy9x@home.pl,7
359,Flin Kilvington,3307.48,fkilvington9y@mozilla.org,3
360,Blakeley Dignum,3403.49,bdignum9z@google.ca,6
361,Lorna McNeachtain,2061.15,lmcneachtaina0@bluehost.com,6
362,Mark Benitez,5019.47,mbeniteza1@jalbum.net,1
363,Melisent Grigorio,3218.55,mgrigorioa2@usgs.gov,1
364,Pascal Iacovazzi,5804.66,piacovazzia3@woothemes.com,8
365,Ellary Annetts,7183.27,eannettsa4@tumblr.com,8
366,Shellysheldon Tommeo,2509.31,stommeoa5@nih.gov,1
367,Tab Markson,6895.7,tmarksona6@pen.io,8
368,Norbert Hollow,1970.37,nhollowa7@webeden.co.uk,2
369,Guillermo Grasser,7086.22,ggrassera8@msu.edu,3
370,Dewie Twallin,2353.47,dtwallina9@pinterest.com,2
371,Shirley Cancellario,6249.69,scancellarioaa@cpanel.net,2
372,Dewain Lonie,1499.22,dlonieab@mashable.com,10
373,Renaud Mickleburgh,5133.5,rmickleburghac@xinhuanet.com,6
374,Phoebe Minerdo,6396.73,pminerdoad@php.net,9
375,Ruthe Sigg,5929.13,rsiggae@wiley.com,5
376,Agosto Loach,3364.57,aloachaf@census.gov,2
377,Andras Upham,3007.38,auphamag@people.com.cn,9
378,Jandy Kelway,5499.61,jkelwayah@wufoo.com,5
379,Kelly Frantzeni,3049.5,kfrantzeniai@blogspot.com,2
380,Nancie Macek,2226.12,nmacekaj@t-online.de,6
381,Leland Milan,7894.87,lmilanak@businessweek.com,7
382,Anastasie McGowan,6763.43,amcgowanal@who.int,5
383,Gerik Grafhom,8166.28,ggrafhomam@webnode.com,6
384,Eve Rheam,5886.8,erheaman@gnu.org,2
385,Dottie Orrock,8316.79,dorrockao@1688.com,8
386,Clementius Lennox,1857.57,clennoxap@addtoany.com,8
387,Maxwell Sherrock,8256.69,msherrockaq@ft.com,3
388,Felita Holson,1477.42,fholsonar@noaa.gov,10
389,Leopold Howlin,1946.05,lhowlinas@tripod.com,6
390,Rochelle Storah,2898.43,rstorahat@fda.gov,2
391,Bernhard Cowans,6122.38,bcowansau@discuz.net,8
392,Laraine Habergham,5061.68,lhaberghamav@umn.edu,7
393,Page McLaverty,8299.77,pmclavertyaw@indiegogo.com,4
394,Guglielma Bickerdyke,2532.56,gbickerdykeax@blogger.com,4
395,Gwyn Phillipp,6697.48,gphillippay@networkadvertising.org,10
396,Melloney Ferriere,6905.14,mferriereaz@microsoft.com,3
397,Richardo Benedito,1879.81,rbeneditob0@ifeng.com,9
398,Marlow Calendar,5730.01,mcalendarb1@scribd.com,10
399,Hermina Milward,3852.69,hmilwardb2@uiuc.edu,6
400,Abigail Cowmeadow,3237.62,acowmeadowb3@uol.com.br,10
401,Susanne Hassur,3488.93,shassurb4@sogou.com,7
402,Tilly Chritchley,7157.17,tchritchleyb5@fastcompany.com,2
403,Chris Vakhrushev,6416.12,cvakhrushevb6@opera.com,2
404,Manny Cabrer,5828.73,mcabrerb7@acquirethisname.com,6
405,Myrtia Rolstone,3854.73,mrolstoneb8@ustream.tv,2
406,Monro Ruse,3227.31,mruseb9@google.com.br,8
407,Jonathon Heinle,1587.79,jheinleba@reference.com,5
408,Dorelle Greguoli,2832.5,dgreguolibb@patch.com,1
409,Vinni Romaint,3219.68,vromaintbc@theguardian.com,5
410,Robbin Tice,5396.16,rticebd@noaa.gov,1
411,Connie Spoor,1693.84,cspoorbe@time.com,9
412,Lauritz GiacobbiniJacob,8013.85,lgiacobbinijacobbf@yale.edu,8
413,Hyacinthie Baldazzi,1428.8,hbaldazzibg@cdc.gov,5
414,Jordain Thridgould,6705.79,jthridgouldbh@jalbum.net,8
415,Purcell Goolding,2159.44,pgooldingbi@google.com,10
416,Eunice Greensite,5347.6,egreensitebj@newsvine.com,9
417,Jo Eldershaw,2189.52,jeldershawbk@t-online.de,3
418,Vitoria Brion,6531.2,vbrionbl@intel.com,5
419,Benedikta Cowndley,5964.58,bcowndleybm@ebay.com,5
420,Jules Francescozzi,4807.26,jfrancescozzibn@sciencedirect.com,8
421,Artus Regardsoe,6811.33,aregardsoebo@loc.gov,6
422,Glyn Fellis,1503.32,gfellisbp@alibaba.com,2
423,Isabelita Hardson,1181.43,ihardsonbq@yahoo.com,7
424,Bendite Bernucci,5698.73,bbernuccibr@fc2.com,5
425,Ellswerth Crake,3870.98,ecrakebs@elpais.com,4
426,Margaret Vince,4246.01,mvincebt@vkontakte.ru,7
427,Oliver Noddles,4521.46,onoddlesbu@comsenz.com,7
428,Horatius Mumberson,7677.85,hmumbersonbv@nytimes.com,7
429,Maynord Benini,4193.56,mbeninibw@globo.com,4
430,Cynthia Menichini,1203.0,cmenichinibx@howstuffworks.com,5
431,Krystyna Ovitz,4952.44,kovitzby@google.de,7
432,Polly Pawellek,2263.62,ppawellekbz@ibm.com,1
433,Giorgia Skate,5595.88,gskatec0@vistaprint.com,8
434,Valenka Stowte,7684.09,vstowtec1@businessinsider.com,2
435,Veradis McCafferty,6168.92,vmccaffertyc2@hc360.com,3
436,Maddy Cauthra,4868.67,mcauthrac3@dyndns.org,5
437,Roland Lorenzini,3518.46,rlorenzinic4@ask.com,10
438,Raynard Gaskin,2497.51,rgaskinc5@house.gov,5
439,Obadiah Blasli,6470.06,oblaslic6@walmart.com,10
440,Mallory Rooney,1943.1,mrooneyc7@utexas.edu,6
441,Rena Syfax,2291.49,rsyfaxc8@blog.com,10
442,Winny Slyme,1320.77,wslymec9@i2i.jp,2
443,Sallie Antwis,4623.85,santwisca@bizjournals.com,7
444,Sydney Jovasevic,2838.73,sjovaseviccb@cafepress.com,5
445,Nathanial Ogilby,8057.55,nogilbycc@admin.ch,5
446,Libbi Cryer,8338.18,lcryercd@un.org,2
447,Emmett Anfosso,5502.97,eanfossoce@cyberchimps.com,9
448,Alexine Dessant,4365.78,adessantcf@hibu.com,6
449,Roze Roxburch,2078.13,rroxburchcg@tinyurl.com,10
450,Tymothy Symon,5762.34,tsymonch@unesco.org,6
451,Christina Kerans,4323.53,ckeransci@ucoz.com,5
452,Avigdor Crosser,8243.42,acrossercj@cbc.ca,5
453,Ingrim Luttgert,1750.83,iluttgertck@delicious.com,5
454,Cathie Crowdace,7127.57,ccrowdacecl@hexun.com,2
455,Sascha Wyld,2826.89,swyldcm@so-net.ne.jp,4
456,Gratiana Spalding,4737.78,gspaldingcn@over-blog.com,3
457,Winna Pley,5430.51,wpleyco@gnu.org,3
458,Gertrudis Judson,1810.65,gjudsoncp@cnet.com,7
459,Benedicta Winder,1862.73,bwindercq@army.mil,9
460,Ophelie Brittain,1213.12,obrittaincr@php.net,10
461,Morgen Heeney,2147.8,mheeneycs@nasa.gov,10
462,Amery Mills,7569.52,amillsct@devhub.com,3
463,Billy O'Boyle,7718.18,boboylecu@google.ru,8
464,Herculie Gonet,5057.18,hgonetcv@youtube.com,2
465,Larine Malloch,6667.08,lmallochcw@mtv.com,8
466,Chanda Mantrip,7535.14,cmantripcx@baidu.com,2
467,Annadiane Geratasch,5287.96,agerataschcy@merriam-webster.com,8
468,Julina Mylchreest,5439.85,jmylchreestcz@ucoz.com,1
469,Kriste Wilfinger,2673.74,kwilfingerd0@w3.org,1
470,Lazaro Fourcade,8234.15,lfourcaded1@google.com.hk,7
471,Flora Sollon,1008.17,fsollond2@zimbio.com,5
472,Cathrin Guidi,3943.88,cguidid3@yelp.com,8
473,Adelice Shelper,6650.94,ashelperd4@wikia.com,9
474,Bonita Proom,4558.4,bproomd5@apple.com,10
475,Jason Mannin,1447.57,jmannind6@soup.io,9
476,Patric Gandrich,6579.36,pgandrichd7@topsy.com,8
477,Cheston McUre,5725.22,cmcured8@hostgator.com,9
478,Franni Abbitt,1531.03,fabbittd9@patch.com,8
479,Shayne Akaster,3378.97,sakasterda@networksolutions.com,3
480,Swen Fassbender,7179.31,sfassbenderdb@wikispaces.com,7
481,Killian Eynaud,5604.21,keynauddc@sciencedaily.com,9
482,Anthia Partington,1527.01,apartingtondd@google.com.br,1
483,Gerladina Bischoff,6328.64,gbischoffde@accuweather.com,7
484,William Pounsett,5712.9,wpounsettdf@state.tx.us,1
485,Holli Penner,1361.7,hpennerdg@gov.uk,10
486,Nil Hovard,1241.34,nhovarddh@princeton.edu,2
487,Purcell Vasyaev,6359.51,pvasyaevdi@reverbnation.com,9
488,Keely Neaves,3326.32,kneavesdj@wisc.edu,2
489,Rowe Tortice,5590.18,rtorticedk@amazon.com,1
490,Vassili Hauxley,2520.74,vhauxleydl@wix.com,6
491,Eal Niezen,2309.24,eniezendm@sourceforge.net,4
492,Gabbi Caberas,5948.65,gcaberasdn@facebook.com,6
493,Xerxes Vynall,4588.5,xvynalldo@accuweather.com,2
494,Gasper Goseling,7966.65,ggoselingdp@ycombinator.com,5
495,Susannah Scoggin,1645.06,sscoggindq@aboutads.info,7
496,Joell Elam,6083.32,jelamdr@stumbleupon.com,10
497,Rennie Davidofski,4711.92,rdavidofskids@elegantthemes.com,3
498,Ruddy Kitchingman,3167.09,rkitchingmandt@privacy.gov.au,4
499,Augy Eastes,7479.49,aeastesdu@time.com,8
500,Anallise Hebditch,5883.18,ahebditchdv@bloomberg.com,7
501,Nannie Liley,3820.12,nlileydw@storify.com,10
502,Sena Frohock,1976.27,sfrohockdx@booking.com,5
503,Dewey Flather,6429.29,dflatherdy@cargocollective.com,8
504,Chad Hendrickson,4812.71,chendricksondz@rambler.ru,4
505,Sileas Brusby,8026.59,sbrusbye0@youtu.be,1
506,Trstram Rosenstein,6411.26,trosensteine1@uol.com.br,10
507,Yovonnda Barok,7618.86,ybaroke2@cmu.edu,3
508,Martainn Castelyn,6383.16,mcastelyne3@flickr.com,1
509,Rubina Hendriks,4181.53,rhendrikse4@mediafire.com,7
510,Karrie Bengoechea,5240.02,kbengoecheae5@ebay.com,5
511,Cirstoforo Phipp,1260.73,cphippe6@reddit.com,5
512,Merna Huggon,3352.36,mhuggone7@mashable.com,8
513,Rafferty Gosson,3755.18,rgossone8@gnu.org,2
514,Ilario Brodeau,1996.49,ibrodeaue9@admin.ch,9
515,Bart Armsby,3318.92,barmsbyea@t.co,6
516,Jule Tommaseo,4078.46,jtommaseoeb@apache.org,5
517,Holden Conechie,3602.82,hconechieec@wikipedia.org,1
518,Miller Pleavin,2688.12,mpleavined@livejournal.com,4
519,Stephine Tinman,2843.08,stinmanee@bing.com,7
520,Pascal Sugars,2176.67,psugarsef@si.edu,4
521,Norry Mazella,7005.13,nmazellaeg@bigcartel.com,1
522,Chiquita Whistlecraft,1760.96,cwhistlecrafteh@adobe.com,6
523,Haley Hirsch,2380.1,hhirschei@tamu.edu,6
524,Olva MacVaugh,5938.1,omacvaughej@creativecommons.org,1
525,Alyssa Chislett,5958.08,achislettek@dropbox.com,6
526,Doroteya Fowley,8222.61,dfowleyel@youku.com,8
527,Hattie Murley,1027.37,hmurleyem@cafepress.com,8
528,Reinaldos Stebbins,1509.8,rstebbinsen@deviantart.com,5
529,Marty Meaney,6572.82,mmeaneyeo@rambler.ru,1
530,Llywellyn Carpenter,2402.84,lcarpenterep@goo.ne.jp,7
531,Ogdan Halcro,2190.33,ohalcroeq@squidoo.com,6
532,Lydon Cheatle,7165.72,lcheatleer@cbslocal.com,1
533,Daven Lidgate,2212.79,dlidgatees@booking.com,6
534,Laurel Daville,1592.16,ldavilleet@chronoengine.com,1
535,Eimile Risom,1016.08,erisomeu@comsenz.com,4
536,Anne-marie Blazewski,2322.67,ablazewskiev@howstuffworks.com,3
537,Mair Artist,4336.92,martistew@free.fr,4
538,Grayce Rupp,7623.72,gruppex@mit.edu,5
539,Dory Dodd,3946.21,ddoddey@icio.us,3
540,Anica Lagneaux,7051.58,alagneauxez@weibo.com,7
541,Allen Aynscombe,5389.01,aaynscombef0@ameblo.jp,1
542,Marna McElmurray,2144.15,mmcelmurrayf1@epa.gov,8
543,Aguste Wasselin,7015.42,awasselinf2@networksolutions.com,3
544,Marty Vannuchi,5037.41,mvannuchif3@cdc.gov,9
545,Judie Diggin,4579.04,jdigginf4@ycombinator.com,3
546,Kareem Osinin,1029.59,kosininf5@hatena.ne.jp,3
547,Rozele Geerdts,2866.12,rgeerdtsf6@godaddy.com,10
548,Worth Boshell,2404.16,wboshellf7@photobucket.com,10
549,Doro Fairchild,3203.17,dfairchildf8@friendfeed.com,6
550,Wilt Allardyce,3743.06,wallardycef9@go.com,1
551,Ravi Garry,2476.57,rgarryfa@cdc.gov,8
552,Leslie Orrice,6301.72,lorricefb@bigcartel.com,1
553,Matilda MacCrann,1455.27,mmaccrannfc@blog.com,10
554,Tiphanie Cheeseman,2873.71,tcheesemanfd@amazon.com,7
555,Alexina Baddeley,7449.24,abaddeleyfe@amazon.com,1
556,Erasmus Jinkins,1184.25,ejinkinsff@jiathis.com,7
557,Wolfy Piers,5775.31,wpiersfg@jimdo.com,10
558,Jard Brewster,2771.82,jbrewsterfh@cbc.ca,4
559,Ferrell Robertot,6904.15,frobertotfi@lulu.com,3
560,Benton Van de Vlies,5413.69,bvanfj@google.ca,2
561,Maddie Toulamain,6667.48,mtoulamainfk@hud.gov,8
562,Erick Cater,2289.98,ecaterfl@altervista.org,6
563,Cosette Alvaro,6192.27,calvarofm@chronoengine.com,5
564,Brynne Clashe,1020.65,bclashefn@wikimedia.org,10
565,Dee Acedo,2179.14,dacedofo@1und1.de,3
566,Ginnifer Folshom,2974.82,gfolshomfp@usnews.com,10
567,Eve Killshaw,3731.22,ekillshawfq@ucoz.ru,2
568,Britte Fosserd,2909.61,bfosserdfr@mediafire.com,9
569,Auroora Dwelley,3409.89,adwelleyfs@creativecommons.org,4
570,Marlowe Schaffler,1713.65,mschafflerft@nationalgeographic.com,6
571,Elden Gregoire,3247.94,egregoirefu@altervista.org,2
572,Petr Pennigar,3679.95,ppennigarfv@gravatar.com,1
573,Giulietta Cleare,5575.77,gclearefw@time.com,2
574,Ollie Cleaver,2514.65,ocleaverfx@zimbio.com,3
575,Lanita Dilliston,7816.11,ldillistonfy@nifty.com,8
576,Quillan Wedderburn,3142.9,qwedderburnfz@nytimes.com,10
577,Bone Sallarie,7904.2,bsallarieg0@cam.ac.uk,4
578,Nedi Barroux,5102.08,nbarrouxg1@digg.com,7
579,Rosina Boyall,4069.06,rboyallg2@forbes.com,8
580,Tiertza Melliard,4973.77,tmelliardg3@bloomberg.com,4
581,Nehemiah Mion,7623.26,nmiong4@vkontakte.ru,7
582,Pietrek Hugues,4203.78,phuguesg5@bizjournals.com,4
583,Anabella Jedrasik,2086.42,ajedrasikg6@odnoklassniki.ru,8
584,Colin Gipp,1410.5,cgippg7@deviantart.com,2
585,Luelle Mothersole,6515.41,lmothersoleg8@wisc.edu,3
586,Olympie Giacomozzo,6186.85,ogiacomozzog9@zdnet.com,7
587,Fannie Shurman,2812.36,fshurmanga@google.ru,7
588,Roseann Levington,4082.54,rlevingtongb@mtv.com,7
589,Vita de Marco,1162.93,vdegc@taobao.com,3
590,Nealson Behnecke,3597.59,nbehneckegd@fema.gov,3
591,Glennie Ollett,2647.64,gollettge@gmpg.org,2
592,Sidonia Lebang,2304.44,slebanggf@ox.ac.uk,10
593,Stacie McKeevers,2193.48,smckeeversgg@ow.ly,8
594,Emmalynne Colliber,6744.54,ecollibergh@berkeley.edu,9
595,Muhammad Weyman,4525.24,mweymangi@alexa.com,8
596,Allegra Edy,4064.51,aedygj@1688.com,5
597,Buddy McKeaney,5306.87,bmckeaneygk@prlog.org,7
598,Debi Blesing,5871.32,dblesinggl@psu.edu,9
599,Werner Bickell,3995.83,wbickellgm@sphinn.com,1
600,Desiri Feldklein,2943.48,dfeldkleingn@usa.gov,10
601,Stanislas Faye,7244.65,sfayego@themeforest.net,2
602,Brian Byfford,6700.89,bbyffordgp@wordpress.org,4
603,Cam Enever,3087.98,cenevergq@clickbank.net,9
604,Jeniece Kirkland,6419.09,jkirklandgr@php.net,1
605,Lu McAuliffe,5185.65,lmcauliffegs@arizona.edu,10
606,Madison Glazer,5458.64,mglazergt@psu.edu,4
607,Cammi Wales,4682.69,cwalesgu@blogspot.com,7
608,Edgard Laughrey,3495.6,elaughreygv@live.com,1
609,Marchelle Woolpert,8039.38,mwoolpertgw@cbc.ca,3
610,Ikey Soares,7319.36,isoaresgx@whitehouse.gov,7
611,Blane Crump,5260.0,bcrumpgy@rambler.ru,10
612,Mathew Regan,2884.02,mregangz@irs.gov,6
613,Brittaney Janicijevic,6573.86,bjanicijevich0@mapquest.com,6
614,Nady Good,3924.02,ngoodh1@purevolume.com,4
615,Catlee Sloegrave,4553.19,csloegraveh2@live.com,8
616,Lovell Ash,1646.66,lashh3@boston.com,2
617,Belicia Ridgewell,2330.38,bridgewellh4@unblog.fr,8
618,Marianne Annon,4797.46,mannonh5@webeden.co.uk,2
619,Hayyim Baglan,7746.29,hbaglanh6@php.net,5
620,Katleen Pragnell,4987.14,kpragnellh7@usda.gov,10
621,Ailis Guare,1575.82,aguareh8@discovery.com,8
622,Maxie Kneesha,4575.62,mkneeshah9@pcworld.com,4
623,Marie-jeanne Pinfold,7608.96,mpinfoldha@admin.ch,8
624,Kienan Kuschke,1511.6,kkuschkehb@oakley.com,9
625,Nobe McCutcheon,5191.93,nmccutcheonhc@nsw.gov.au,4
626,Tiebold Bonick,1325.75,tbonickhd@51.la,10
627,Dulcine Alcorn,6835.7,dalcornhe@marketwatch.com,2
628,Kanya Milbourne,8274.59,kmilbournehf@sina.com.cn,2
629,Donall Figgins,7939.1,dfigginshg@hhs.gov,5
630,Lu Gaddes,5746.46,lgaddeshh@wp.com,4
631,Scott Latliff,3689.39,slatliffhi@purevolume.com,5
632,Abagael Reddlesden,1797.19,areddlesdenhj@goo.ne.jp,4
633,Luelle Beswick,5672.18,lbeswickhk@nationalgeographic.com,6
634,Laurianne Raulston,2044.91,lraulstonhl@unc.edu,5
635,Halley Cayley,3112.05,hcayleyhm@taobao.com,3
636,Tamma Fraczkiewicz,7967.98,tfraczkiewiczhn@technorati.com,1
637,Silvester Yu,3731.44,syuho@netlog.com,7
638,Priscilla Simko,4355.24,psimkohp@walmart.com,4
639,Fabien Withey,5944.07,fwitheyhq@gov.uk,9
640,Wendall O'Dowd,2646.61,wodowdhr@sciencedirect.com,10
641,Brodie Iwanowski,8034.13,biwanowskihs@github.com,2
642,Maryl Kleehuhler,7595.92,mkleehuhlerht@typepad.com,9
643,Eb Kidman,3943.0,ekidmanhu@hp.com,5
644,Bettine Howcroft,2586.68,bhowcrofthv@ox.ac.uk,8
645,Vincent Steenson,3883.81,vsteensonhw@dropbox.com,5
646,Codi Caramuscia,7809.46,ccaramusciahx@vkontakte.ru,1
647,Silvie Holtaway,1681.51,sholtawayhy@cargocollective.com,6
648,Daffi Bremley,6782.9,dbremleyhz@about.com,1
649,Harlie Pimblotte,2842.17,hpimblottei0@japanpost.jp,4
650,Mag Lipmann,4353.35,mlipmanni1@adobe.com,2
651,Doralin Audus,7021.75,daudusi2@woothemes.com,8
652,Marleah Fulger,3078.17,mfulgeri3@blogspot.com,4
653,Dalston Saenz,5448.67,dsaenzi4@ft.com,1
654,Windham Mc Ilwrick,4120.46,wmci5@fda.gov,10
655,Danni Johnikin,4079.87,djohnikini6@tripod.com,4
656,Raviv Warriner,5211.34,rwarrineri7@ebay.com,8
657,Meryl Caff,2822.3,mcaffi8@facebook.com,3
658,Temp Megroff,1938.33,tmegroffi9@msn.com,1
659,Shari Nehlsen,4292.29,snehlsenia@dion.ne.jp,10
660,Ramsay Hansana,7946.9,rhansanaib@google.co.jp,9
661,Far Faill,5557.67,ffaillic@narod.ru,4
662,Constance Doblin,2237.02,cdoblinid@flickr.com,9
663,Gennie Cowtherd,1547.18,gcowtherdie@wsj.com,6
664,Gino Fozzard,3998.19,gfozzardif@hostgator.com,6
665,Edithe Beilby,4386.15,ebeilbyig@umich.edu,2
666,Merilee Raimbauld,1982.02,mraimbauldih@cnet.com,6
667,Aldric Magwood,7838.13,amagwoodii@blog.com,8
668,Abbe Patrick,4398.03,apatrickij@state.gov,7
669,Gradeigh Topp,4685.65,gtoppik@oaic.gov.au,8
670,Claudia Urpeth,5731.28,curpethil@dropbox.com,2
671,Donnie Vose,6887.63,dvoseim@sphinn.com,9
672,Evvie Lutzmann,3279.33,elutzmannin@digg.com,8
673,Rudolf Coolican,7052.68,rcoolicanio@mashable.com,6
674,Kippie Dalgarnowch,4776.88,kdalgarnowchip@smugmug.com,2
675,Lotty Redgate,1571.33,lredgateiq@360.cn,4
676,Dorene Britney,5758.91,dbritneyir@t.co,6
677,Quint Guarin,5560.22,qguarinis@edublogs.org,8
678,Zondra Steptow,3743.44,zsteptowit@timesonline.co.uk,4
679,Elyssa Firby,4102.1,efirbyiu@facebook.com,3
680,Keven Wrangle,2730.59,kwrangleiv@dailymail.co.uk,5
681,Humphrey Haydney,7699.44,hhaydneyiw@psu.edu,3
682,Jilli Thraves,1088.75,jthravesix@boston.com,1
683,Silvia Woolfall,2336.25,swoolfalliy@youtu.be,8
684,Georgena Lehrahan,8260.63,glehrahaniz@yandex.ru,2
685,Haydon Ewols,2520.28,hewolsj0@constantcontact.com,8
686,Wendie Huddles,4668.09,whuddlesj1@paginegialle.it,3
687,Ariel Oblein,5742.22,aobleinj2@live.com,1
688,Haskell Gelling,5760.15,hgellingj3@360.cn,1
689,Christoper Yetts,3376.6,cyettsj4@furl.net,2
690,Cheri Gheorghe,2696.19,cgheorghej5@yahoo.com,3
691,David Burstow,1667.8,dburstowj6@wikia.com,8
692,Ynez Haffard,3569.16,yhaffardj7@hibu.com,4
693,Tuesday McCarter,2029.26,tmccarterj8@amazon.com,9
694,Evey Doak,6311.33,edoakj9@paypal.com,1
695,Matt Wheatland,4901.45,mwheatlandja@blog.com,6
696,Randall Sharple,7980.65,rsharplejb@livejournal.com,8
697,Trueman Sallery,1529.83,tsalleryjc@drupal.org,10
698,Emlynne Warry,4990.22,ewarryjd@alexa.com,5
699,Dominic Northcott,4500.54,dnorthcottje@youtu.be,2
700,Mar Corser,4911.04,mcorserjf@google.it,4
701,Lissie Hugle,2791.75,lhuglejg@cbslocal.com,9
702,Traver Harberer,2511.61,tharbererjh@odnoklassniki.ru,3
703,Gearard Cesconi,4935.83,gcesconiji@cpanel.net,2
704,Luke Martini,1271.78,lmartinijj@elpais.com,8
705,Clem Thecham,2971.38,cthechamjk@edublogs.org,5
706,Opalina Feore,5641.6,ofeorejl@mysql.com,7
707,Allix Flukes,4179.65,aflukesjm@flickr.com,6
708,Clare Horsey,2456.38,chorseyjn@craigslist.org,3
709,Lynea Gayle,5360.36,lgaylejo@ehow.com,1
710,Bruno Langstrath,6314.23,blangstrathjp@timesonline.co.uk,3
711,Bronny Macari,4758.58,bmacarijq@nps.gov,4
712,Johanna Dimmick,6358.74,jdimmickjr@histats.com,8
713,Minette Berney,1183.21,mberneyjs@tripod.com,4
714,Micheal Crombie,6089.69,mcrombiejt@g.co,8
715,Eloisa Swainsbury,1046.38,eswainsburyju@pinterest.com,10
716,Barrie Letchmore,2391.85,bletchmorejv@wix.com,2
717,Townsend Goodson,6135.88,tgoodsonjw@domainmarket.com,8
718,Britt Clohissy,3842.03,bclohissyjx@marketwatch.com,9
719,Rhetta Enocksson,1345.83,renockssonjy@mail.ru,7
720,Kevyn Burdekin,1942.51,kburdekinjz@trellian.com,9
721,Elysia Wackly,2885.42,ewacklyk0@macromedia.com,6
722,Priscella Leades,3756.8,pleadesk1@gnu.org,10
723,Anton MacSkeagan,2152.29,amacskeagank2@histats.com,9
724,Murdock Lampard,5981.95,mlampardk3@nhs.uk,7
725,Devin Spaxman,4712.0,dspaxmank4@people.com.cn,1
726,Dorian Balwin,2381.49,dbalwink5@bloglovin.com,10
727,Nick Elsey,4951.02,nelseyk6@jiathis.com,2
728,Lyman Viste,4795.67,lvistek7@theatlantic.com,7
729,Alexia Bryce,3290.13,abrycek8@wikia.com,5
730,Katleen Gillitt,4638.21,kgillittk9@infoseek.co.jp,8
731,Conni Feedham,6214.55,cfeedhamka@howstuffworks.com,10
732,Maressa Bakster,5718.56,mbaksterkb@cnet.com,1
733,Emmett Riepl,7465.17,erieplkc@utexas.edu,4
734,Emeline Hedgeman,5198.34,ehedgemankd@ocn.ne.jp,5
735,Cari Thoma,6379.98,cthomake@amazonaws.com,6
736,Jayme Gansbuhler,4180.14,jgansbuhlerkf@tinyurl.com,4
737,Burtie Atchly,1509.51,batchlykg@discuz.net,1
738,Caryl Pech,3983.61,cpechkh@msu.edu,1
739,Granthem Clymer,4430.76,gclymerki@domainmarket.com,9
740,Trenna Chettle,5034.24,tchettlekj@icio.us,5
741,Justino Moreman,2027.89,jmoremankk@scientificamerican.com,7
742,Humfrid Gabrieli,2191.38,hgabrielikl@reddit.com,7
743,Jaquenette Viner,6829.61,jvinerkm@mozilla.com,6
744,Helsa Ruscoe,8087.06,hruscoekn@shop-pro.jp,5
745,Ernesta Aronow,7668.77,earonowko@ifeng.com,6
746,Jeffy Matityahu,6847.11,jmatityahukp@youku.com,2
747,Kylila Raubenheimers,2494.51,kraubenheimerskq@skyrock.com,6
748,Kevan Ugolini,4528.75,kugolinikr@yahoo.com,9
749,Freddie Kelloway,2349.48,fkellowayks@discovery.com,7
750,Aron Pett,4678.72,apettkt@latimes.com,5
751,Winn Ridoutt,7163.61,wridouttku@berkeley.edu,2
752,Rowan Weedon,1936.23,rweedonkv@ted.com,2
753,Millie Hallbird,5458.57,mhallbirdkw@dropbox.com,8
754,Allard Clemmensen,3306.98,aclemmensenkx@rediff.com,6
755,Darelle Birkin,1573.05,dbirkinky@bravesites.com,2
756,Stanfield Markey,2889.32,smarkeykz@dion.ne.jp,7
757,Felicle Faughey,1996.06,ffaugheyl0@jigsy.com,7
758,Sindee Frankiewicz,4677.7,sfrankiewiczl1@live.com,4
759,Niccolo Kingdom,4034.11,nkingdoml2@qq.com,4
760,Floyd Flasby,2048.97,fflasbyl3@storify.com,5
761,Carol-jean Lazell,7509.87,clazelll4@nih.gov,1
762,Kingsley Clougher,1426.92,kclougherl5@gov.uk,1
763,Harmon Ungerer,4225.15,hungererl6@google.es,7
764,Levin Jefferys,1080.46,ljefferysl7@homestead.com,9
765,Aindrea Duval,4460.49,aduvall8@upenn.edu,7
766,Sher McKeand,4399.11,smckeandl9@phoca.cz,6
767,Greggory Vink,1907.1,gvinkla@businessweek.com,1
768,Frederico Chestnut,4480.51,fchestnutlb@google.com.hk,1
769,Orran Sarge,5737.54,osargelc@simplemachines.org,10
770,Gae Masser,5710.97,gmasserld@ed.gov,3
771,Irene Leathlay,3861.01,ileathlayle@stanford.edu,4
772,Granthem Boorer,8139.02,gboorerlf@skype.com,5
773,Shayne Orteaux,2257.04,sorteauxlg@dell.com,7
774,Adella Flounders,5883.77,aflounderslh@ted.com,2
775,Shelley Seals,4676.69,ssealsli@alexa.com,10
776,Hildagard Sextie,4477.82,hsextielj@amazon.de,2
777,Leese Growden,2757.01,lgrowdenlk@amazon.com,10
778,Julietta Roscrigg,7316.96,jroscriggll@reverbnation.com,8
779,Godart Phillipp,2869.99,gphillipplm@ustream.tv,6
780,Bartholomeo Waistall,5494.71,bwaistallln@webnode.com,3
781,Ephraim Escot,2679.73,eescotlo@ycombinator.com,5
782,Delphine Howden,8104.63,dhowdenlp@upenn.edu,7
783,Philbert Curlis,6415.42,pcurlislq@chronoengine.com,7
784,Darin Creighton,6488.97,dcreightonlr@stanford.edu,3
785,Karleen Lumsdale,1045.07,klumsdalels@surveymonkey.com,6
786,Katine Fairs,7973.33,kfairslt@de.vu,8
787,Jenny Briscoe,4937.08,jbriscoelu@slideshare.net,4
788,Claudell Pimlett,2228.7,cpimlettlv@weebly.com,9
789,Dorisa Burgane,5065.61,dburganelw@sphinn.com,8
790,Stacie Coram,5765.32,scoramlx@ucoz.com,4
791,Alexandros Luca,8300.9,alucaly@freewebs.com,9
792,Josephina Wasielewicz,1008.86,jwasielewiczlz@senate.gov,10
793,Ariana Ackland,6156.81,aacklandm0@reddit.com,7
794,Thebault Ausello,5610.36,tausellom1@loc.gov,9
795,Lusa Estabrook,1105.85,lestabrookm2@soup.io,7
796,Hugh Wands,5948.99,hwandsm3@mapquest.com,9
797,Deeann O'Hagerty,1482.27,dohagertym4@nbcnews.com,6
798,Efren Thunnercliff,6261.66,ethunnercliffm5@paypal.com,10
799,Cece Pane,5693.07,cpanem6@tumblr.com,6
800,Audrie Nineham,8300.09,aninehamm7@constantcontact.com,9
801,Candida Couling,2641.25,ccoulingm8@yahoo.com,7
802,Rosalinde Sexon,2870.47,rsexonm9@unblog.fr,1
803,Stern Bauld,1610.34,sbauldma@wiley.com,8
804,Joane Mintrim,5646.31,jmintrimmb@squarespace.com,3
805,Guy Fishly,3522.13,gfishlymc@mit.edu,6
806,Larina Stoffler,6780.24,lstofflermd@squarespace.com,4
807,Korey Sweedland,5960.13,ksweedlandme@t.co,10
808,Tabatha Trimble,3025.72,ttrimblemf@arizona.edu,10
809,Ardine Keoghane,1556.51,akeoghanemg@techcrunch.com,1
810,Kellina Greger,4939.69,kgregermh@pinterest.com,5
811,Trudie Skayman,6826.16,tskaymanmi@purevolume.com,9
812,Bonny Bradbrook,3778.54,bbradbrookmj@cnet.com,1
813,Brittney Dradey,2288.85,bdradeymk@home.pl,1
814,Bryna Gear,2183.84,bgearml@reverbnation.com,6
815,Giacomo McWhan,8033.86,gmcwhanmm@europa.eu,9
816,Mirilla Fulbrook,5184.38,mfulbrookmn@nhs.uk,10
817,Sergei Carnoghan,4582.72,scarnoghanmo@paginegialle.it,7
818,Leann Clutterbuck,4085.8,lclutterbuckmp@house.gov,8
819,Tim Ashfull,7551.98,tashfullmq@boston.com,5
820,Jacquenetta Treleaven,3277.48,jtreleavenmr@mysql.com,3
821,Roch Renshaw,1471.31,rrenshawms@privacy.gov.au,10
822,Olenolin Schirak,6930.36,oschirakmt@patch.com,10
823,Roby Wackley,2055.61,rwackleymu@newyorker.com,6
824,Jourdain Klemke,7239.1,jklemkemv@whitehouse.gov,10
825,Jacky Meynell,7896.04,jmeynellmw@linkedin.com,2
826,Nissy Calder,3612.65,ncaldermx@e-recht24.de,4
827,Christian Keizman,7271.31,ckeizmanmy@printfriendly.com,6
828,Suzy Membry,7842.76,smembrymz@sina.com.cn,4
829,Orazio Strettell,6975.76,ostrettelln0@reddit.com,2
830,Basilio Cullivan,2314.21,bcullivann1@so-net.ne.jp,6
831,Carolyne Tassel,7652.11,ctasseln2@tiny.cc,10
832,Stafani Onians,4272.77,soniansn3@scientificamerican.com,1
833,Joly Scurfield,6204.64,jscurfieldn4@amazonaws.com,2
834,Alissa Brikner,3132.21,abriknern5@amazon.co.jp,7
835,Janessa Potteril,8143.93,jpotteriln6@ask.com,10
836,Harli Tredget,1216.06,htredgetn7@youtube.com,5
837,Tasha Miguet,7026.41,tmiguetn8@webnode.com,5
838,Selinda Van Hesteren,7286.9,svann9@state.gov,3
839,Rania Knocker,8151.87,rknockerna@cam.ac.uk,3
840,Moss Osan,3078.12,mosannb@sourceforge.net,5
841,Marilin Sleford,6567.28,mslefordnc@spiegel.de,9
842,Isak Proughten,1421.86,iproughtennd@upenn.edu,8
843,Kirsten Beuscher,6150.24,kbeuscherne@comcast.net,4
844,Muffin Ferrari,2615.86,mferrarinf@omniture.com,1
845,Dunstan Suter,3600.55,dsuterng@ocn.ne.jp,5
846,Abbe Ritmeier,2046.96,aritmeiernh@zdnet.com,9
847,Conrade O'Hagerty,7266.76,cohagertyni@dmoz.org,10
848,Lock MacKartan,2579.32,lmackartannj@ameblo.jp,5
849,Abdul Aimson,7114.28,aaimsonnk@howstuffworks.com,5
850,Carlo Furst,6976.54,cfurstnl@sakura.ne.jp,1
851,Thebault Hartill,6610.05,thartillnm@vimeo.com,5
852,Aidan Tanser,3188.31,atansernn@cbsnews.com,2
853,Nannette Gregson,5731.29,ngregsonno@feedburner.com,7
854,Cullie Kleinberer,3756.05,ckleinberernp@samsung.com,5
855,Kelwin Fishbourn,2412.89,kfishbournnq@printfriendly.com,1
856,Claudina Ost,3644.2,costnr@bluehost.com,5
857,Albertine Rubert,1319.27,arubertns@noaa.gov,4
858,Florencia Arkin,1077.95,farkinnt@usda.gov,1
859,Nathanial Gusney,7426.73,ngusneynu@tuttocitta.it,8
860,Eden Cuzen,7139.63,ecuzennv@lulu.com,1
861,Kent Surmeir,1447.97,ksurmeirnw@cbsnews.com,8
862,Nerta Gabb,5179.76,ngabbnx@pinterest.com,5
863,Mace Elford,1065.4,melfordny@ustream.tv,3
864,Herbie Vowells,6367.2,hvowellsnz@google.com,4
865,Nate Carverhill,4126.26,ncarverhillo0@tamu.edu,1
866,Padriac Tongue,7988.05,ptongueo1@ucla.edu,9
867,Lorena McCurtin,5151.12,lmccurtino2@trellian.com,9
868,Elianora Buey,7226.21,ebueyo3@wufoo.com,8
869,Jephthah Kytley,1483.75,jkytleyo4@imdb.com,6
870,Clarissa Bolver,5500.73,cbolvero5@geocities.com,6
871,Roxanna Chesnut,2981.45,rchesnuto6@amazon.com,8
872,Giusto Leare,7478.93,gleareo7@lulu.com,3
873,Golda Efford,2298.7,geffordo8@npr.org,1
874,Meghan Paye,2563.91,mpayeo9@instagram.com,3
875,Manolo Stanbra,5604.81,mstanbraoa@arstechnica.com,6
876,Flemming Crumley,3250.95,fcrumleyob@amazon.de,4
877,Orren MacCaughey,6922.06,omaccaugheyoc@eepurl.com,3
878,Roz Kolczynski,4512.99,rkolczynskiod@i2i.jp,10
879,Bernetta Cunah,3212.77,bcunahoe@google.com.br,10
880,Simon Bwye,7158.6,sbwyeof@oakley.com,1
881,Rachele Jankin,6823.51,rjankinog@dailymotion.com,6
882,Washington Andreix,8207.13,wandreixoh@bloglovin.com,8
883,Celinka Blundin,6564.69,cblundinoi@google.com.au,4
884,Lanette Govini,6173.62,lgovinioj@chron.com,10
885,Modestia Kilsby,5784.15,mkilsbyok@lycos.com,8
886,Tilda Rannald,1511.49,trannaldol@bandcamp.com,7
887,Valentin Enion,5407.21,venionom@howstuffworks.com,3
888,Raquela Frankish,5900.11,rfrankishon@ftc.gov,3
889,Freeland Lankham,3024.06,flankhamoo@zdnet.com,4
890,Aeriell Crace,5772.24,acraceop@sun.com,1
891,Fara Batisse,8052.12,fbatisseoq@mashable.com,6
892,Uriah Castelletti,2546.0,ucastellettior@cpanel.net,3
893,Gustavus Lockyer,6181.23,glockyeros@gov.uk,2
894,Julia Iacobucci,7518.6,jiacobucciot@usa.gov,5
895,Franklyn De Michele,2764.54,fdeou@telegraph.co.uk,9
896,Brier Green,3532.77,bgreenov@netlog.com,4
897,Danette Belsham,4759.13,dbelshamow@miibeian.gov.cn,4
898,Artur Edgington,5078.09,aedgingtonox@ucoz.ru,7
899,Darlleen Halton,7846.53,dhaltonoy@free.fr,3
900,Tess Longo,5749.21,tlongooz@spiegel.de,1
901,Monti Balsillie,1833.3,mbalsilliep0@jimdo.com,3
902,Bennie Peert,1171.89,bpeertp1@delicious.com,1
903,Evita Lashmar,4505.84,elashmarp2@mozilla.org,8
904,Deane Kuzma,3038.33,dkuzmap3@spotify.com,4
905,Eolande O' Dornan,5878.78,eop4@yahoo.co.jp,7
906,Darrelle Yorkston,2408.62,dyorkstonp5@globo.com,5
907,Henri Morcomb,6550.41,hmorcombp6@mediafire.com,6
908,Babette Rehorek,3682.49,brehorekp7@diigo.com,5
909,Vinni Baldinotti,7826.28,vbaldinottip8@kickstarter.com,1
910,Moyra Quick,1445.66,mquickp9@jigsy.com,3
911,Kelsy Juppe,4716.72,kjuppepa@icq.com,3
912,Wyatt Gainsboro,1660.58,wgainsboropb@businessinsider.com,3
913,Marius Foot,8333.79,mfootpc@wisc.edu,2
914,Bert Evennett,1973.91,bevennettpd@e-recht24.de,4
915,Minni Mongeot,6617.41,mmongeotpe@freewebs.com,9
916,Shawn Bachman,1627.52,sbachmanpf@elpais.com,6
917,Ignacio Drewe,4006.89,idrewepg@homestead.com,7
918,Elwood Roddick,7080.35,eroddickph@devhub.com,4
919,Gaspard Spilsbury,2596.3,gspilsburypi@parallels.com,7
920,Karoly Caris,2456.01,kcarispj@oakley.com,5
921,Tobye Clewett,4837.26,tclewettpk@amazon.co.uk,9
922,Lydia Guiot,5915.44,lguiotpl@biglobe.ne.jp,2
923,Chryste Rosenschein,5416.37,crosenscheinpm@quantcast.com,3
924,Theodosia Besse,1964.62,tbessepn@clickbank.net,10
925,Orelia Edgcombe,3687.85,oedgcombepo@bloglines.com,6
926,Collie Masserel,5830.47,cmasserelpp@patch.com,2
927,Reinaldos Gadman,3726.61,rgadmanpq@parallels.com,5
928,Murdock Adelman,7638.34,madelmanpr@reference.com,2
929,Sibylle Casero,1289.86,scaserops@dyndns.org,10
930,Cacilia Behne,5949.45,cbehnept@deliciousdays.com,7
931,Malchy Klees,1167.53,mkleespu@prweb.com,2
932,Lauritz Noblett,5009.87,lnoblettpv@seattletimes.com,1
933,Brana Cutcliffe,6675.24,bcutcliffepw@sciencedaily.com,10
934,Phineas Jordeson,3611.05,pjordesonpx@hugedomains.com,8
935,Maggie Adamoli,3093.37,madamolipy@vkontakte.ru,2
936,Budd Mannagh,2418.97,bmannaghpz@rediff.com,7
937,Miller Hunston,7294.88,mhunstonq0@nydailynews.com,8
938,Fidelity Patrie,3977.57,fpatrieq1@histats.com,2
939,Verney Baynon,1343.73,vbaynonq2@a8.net,9
940,Carlotta Restorick,3520.73,crestorickq3@eventbrite.com,3
941,Pate Jedraszek,2964.46,pjedraszekq4@facebook.com,9
942,Rea Dener,4067.79,rdenerq5@redcross.org,7
943,Arabel Fabb,2650.58,afabbq6@omniture.com,2
944,Louis Boyse,7185.5,lboyseq7@feedburner.com,8
945,Bevan MacInerney,5469.1,bmacinerneyq8@yale.edu,6
946,Lula Richardin,6892.65,lrichardinq9@t.co,4
947,Babs Normanell,4733.86,bnormanellqa@theguardian.com,8
948,Abby Wedon,6243.19,awedonqb@loc.gov,7
949,Lonnie Mallock,4252.35,lmallockqc@t.co,4
950,Sigismondo Merrett,7595.01,smerrettqd@arizona.edu,7
951,Augusta Dollard,6308.22,adollardqe@simplemachines.org,8
952,Moll Ferrara,1253.79,mferraraqf@123-reg.co.uk,3
953,Lizzy Hasted,1312.95,lhastedqg@cbslocal.com,5
954,Husein Martinovic,1309.6,hmartinovicqh@merriam-webster.com,7
955,Bernita Minker,6765.61,bminkerqi@jigsy.com,10
956,Alfred Dumelow,2443.6,adumelowqj@google.nl,7
957,Egon Brashaw,6272.25,ebrashawqk@baidu.com,9
958,Fredrika Hudd,1325.52,fhuddql@google.it,2
959,Pooh Willishire,5060.86,pwillishireqm@uol.com.br,8
960,Edin Goghin,2368.7,egoghinqn@webnode.com,5
961,Lanny Rospars,2018.53,lrosparsqo@bloglovin.com,7
962,Frederich Ulyet,3297.37,fulyetqp@baidu.com,7
963,Ann-marie Garlant,7381.93,agarlantqq@biglobe.ne.jp,1
964,Lyndsie Caslane,3534.88,lcaslaneqr@tinypic.com,2
965,Monroe Lafond,2167.87,mlafondqs@telegraph.co.uk,3
966,Gabe Wharby,2027.92,gwharbyqt@t-online.de,2
967,Alexander Sleight,4771.78,asleightqu@bbb.org,7
968,Elliot Amburgy,1666.5,eamburgyqv@ucoz.ru,7
969,Nissie Stonelake,8063.63,nstonelakeqw@gov.uk,10
970,Laughton Millins,5542.98,lmillinsqx@economist.com,10
971,Shelba Serrurier,7098.72,sserrurierqy@apple.com,7
972,Erskine Navarre,5317.56,enavarreqz@sfgate.com,1
973,Cathi Duckinfield,1621.52,cduckinfieldr0@chronoengine.com,4
974,Farlie Semper,6502.38,fsemperr1@japanpost.jp,6
975,Olva Mapholm,7951.77,omapholmr2@state.tx.us,9
976,Munroe Haveline,2714.07,mhaveliner3@spotify.com,4
977,Ronalda Ingerfield,5137.86,ringerfieldr4@forbes.com,9
978,Thornton Strangwood,7782.57,tstrangwoodr5@nymag.com,10
979,Case McCrory,5440.34,cmccroryr6@godaddy.com,4
980,Estel Sarle,4187.15,esarler7@sbwire.com,7
981,Paulette Quinlan,5783.22,pquinlanr8@bluehost.com,8
982,Christiane Blackford,1114.98,cblackfordr9@slideshare.net,4
983,Lula Oguz,4034.5,loguzra@discovery.com,1
984,Heath Sorsbie,3101.67,hsorsbierb@slideshare.net,10
985,Romola Fendlow,3828.58,rfendlowrc@taobao.com,10
986,Alvie Eames,5106.9,aeamesrd@wix.com,3
987,Chester Churms,3673.58,cchurmsre@java.com,6
988,Reta Scampion,5729.63,rscampionrf@wikia.com,6
989,Phyllida Posthill,6386.01,pposthillrg@scientificamerican.com,4
990,Ly Everingham,4871.83,leveringhamrh@nih.gov,7
991,Allister Yoakley,3139.94,ayoakleyri@scientificamerican.com,1
992,Roi Spir,6224.02,rspirrj@imdb.com,2
993,Milena Gravy,4687.16,mgravyrk@mozilla.com,5
994,Rriocard Ruslin,4545.17,rruslinrl@wsj.com,9
995,La verne Gidney,6671.79,lvernerm@ucoz.com,1
996,Meredeth Frediani,3016.78,mfredianirn@netlog.com,5
997,Blair Caron,5373.68,bcaronro@chron.com,5
998,Aylmer O'Currine,1055.35,aocurrinerp@sbwire.com,2
999,Mikkel Betteridge,3103.42,mbetteridgerq@tmall.com,1
1000,Berni Aleksidze,1751.16,baleksidzerr@umn.edu,4
